Job Title,Job URL
Senior Data Scientist,https://www.indeed.com/pagead/clk?mo=r&ad=-6NYlbfkN0AONUb9KkyONUn9JQTY4vDoLDGczc7Mu5QzZZsJZlE0haOGKiKYB60DsBrfxH2PBGbCAM4QbSKAo4WMU2J0RRkxwAvtt5PcYqui_3G4vqFCWlUWlmLQA82lJtgKwZEYUe4kDRat4PloCj3eHz4WKJZIT_SCBrR_bnHrFIomT1fGIULyHR4S9A7y0HF7XauVjcS7f5ZWvDZQuT_d9y00SN7lJncvtLHgVQOBzHBK2L3Tnge3TCjwafcJJ7XuEAFtYgcNRDW9Cb0KC03kiDxWNsoLg_lQ0bfwvaYiQhMGtl3hzOMg9FOgp2Z9B-AC5EkMr3uzq_8abA23de7UO52EaPTlhegKVPtjhe17w4owbmjpbLY7POK7IYqui_WxAEe5ysrhsAkPoLtmTCBqGNmQorI_50sH-wShvvDk1z0zwY4yhZImJsxLtAZguoHxveia7bxEz8nfhKJUfFAGSpaImD8XT2Mp5EVKCnvxFUk3Ic0tf3KcABJvr38yIX3Ot-ThfyrCWCpjovXLVg6NXMOe4ebiL2SicMr_4i1W0Xh03hsNpcPpUw0HNUr_UKwmK0zkUEHJSEWX9mw39Dwzkz30maNaP9mbRCDhKp5IKXiYprTi8_YT5EUmKcGv9kWNCjq_W6Y=&xkcb=SoAG6_M3H0OdAaTAL50LbzkdCdPP&p=0&fvj=1&vjs=3
Data Analyst / Data Scientist,https://www.indeed.com/pagead/clk?mo=r&ad=-6NYlbfkN0BQxpxrRf7vVG7k8xMGy9eJPZVSaSgy1zjQO0xuOJH1JBjqCGfRoW83NDb5NuTsShk3JNQd5ReofR6mb1lVsRDja9u1yVhSgBtSrRxAl1_t54-udxrkLQNoFyfmk45N7r0rJTV4sHEtMYlGKD1mkpEpyV0LJ1X13DmhBDGN1rtAt7FZoE88WZhLkP_OHSAba5BxEFVB6yZSRfzZ6D_nT0GFWPAhA1T1serJHpP4O3OG5a8u8eAiyPTOOJfy3RUlLIL2VlKZxUQLIdfzmpn9ffwKX3UblnOuMlkviq66KvRQGYB9SdWYmLy8bhRLJniTcsLqurp2BQ-A-0cTfeK69HedjGnkfNq5KiXTPEJQIGCsKjXWdC1jIt1U5_F8rpk4INK5G8kSlWurkOxK7Tuiy-aFcEX4yM8SeiHgkbTzxk-5-nCd9IJHzj9VWioJdUl1BKBRS4lfr1OZ5HbUU3bSZmEkW5zVAwK8X4ByZ8KPnDFzBiwccapFN8ry0R0TkGUqlRS7lWVeSqdGfzajCD89IF_BMgPvqTsojraFVT4d_M_hZzHZjp-yqodBGzBMVO_4bU3Vf-HUM4k1YbYJgldr8kcVVsPRW_gGCEw_V73CDZ7CzPVosbG-m2NCzUD-7y6sLHiDa6npGopbsA==&xkcb=SoCy6_M3H0OdAaTAL50KbzkdCdPP&p=1&fvj=1&vjs=3
Data Scientist,https://www.indeed.com/rc/clk?jk=9b325bb1a24ea9ad&bb=OU8z17x-plGK_0FGMpYQnRtclPPXlxpnhoPEOgqv2FLjkMurNqK9ZF439FEJH_OQSq9MjwZEZL6vlSlcWXC3qO8RM5Bb772fZbPjZtB-6c8%3D&xkcb=SoDb67M3H0OdAaTAL50JbzkdCdPP&fccid=e8cd3bf800e9042c&vjs=3
Data Scientist - All Levels,https://www.indeed.com/rc/clk?jk=b23b4c664deb5514&bb=OU8z17x-plGK_0FGMpYQnXUyWey_RBBhNYaN7Xz84tV8nIGh7Fh-0DHtE1gGK8Ofs-PaTZXoI6k9BZ2-QH8vS5UlSjiQNhDFX_F1i7eY-tE%3D&xkcb=SoBv67M3H0OdAaTAL50IbzkdCdPP&fccid=bff7a5b1c79a5c87&vjs=3
Data Scientist,https://www.indeed.com/rc/clk?jk=87f74084c6d563cf&bb=OU8z17x-plGK_0FGMpYQnfiLma35cOaI3qj_r9D_IMzPhdmZ6a__xMm9FCVyPoCfC8mWLdHkKr7KFnyCKk6L4aeBMm-yCtzq-22lY1WSyfk%3D&xkcb=SoDh67M3H0OdAaTAL50PbzkdCdPP&fccid=73f1a68b8bdec7ca&cmp=Numero-Data-LLC&ti=Data+Scientist&vjs=3
Data Scientist,https://www.indeed.com/rc/clk?jk=79f02c6a83096dd2&bb=OU8z17x-plGK_0FGMpYQnTW-RlJuWI3x1mCN_Wa_MmvWnrMxB4jecmiL0hdPLXk0rNkP_pQOO252ekKIKbR4TSvo7GL22RISvXbyVoO-yWA%3D&xkcb=SoBV67M3H0OdAaTAL50ObzkdCdPP&fccid=b5c75a20c6f3d3e5&vjs=3
Data Scientist,https://www.indeed.com/rc/clk?jk=b144d25bf6db902b&bb=OU8z17x-plGK_0FGMpYQnR2u7dGClrkulZ-TiTNp0gTNgjNrDgUpSPJFyDpdg1Si8hyByQlCT4rgspTz0XorfGvP2C-RW8bsxyxwQh-T5JM%3D&xkcb=SoDI67M3H0OdAaTAL50NbzkdCdPP&fccid=3358af1bacc4f421&cmp=Ai-Vantage&ti=Data+Scientist&vjs=3
Senior Data Scientist,https://www.indeed.com/pagead/clk?mo=r&ad=-6NYlbfkN0Cyg51Y8liRZ6ctbnrNX8IlCbmX5PtyF3q1tTdHAC5OLHLtFwX1dNvSouEPME88GsCgG5QY1PF8TZ0IK4bNn9iSSuTyhYq0yeo3_ih0-TjisfTusIOD1_m664Frm5ES4GQ-qFu55w-i6fQlvrBX3VRkhxe5Tm_vlIx_rQhdOmHloZ-nTHKGkljPQ4pPxTaeBNu9dabxlpmX208Tl_UKlRDf-snnOHZzVMO_wQbMJfm1aUd4eGWBEFv_JOZz3YCaJCbs6HS7WXHk5gi5JhJnz1dxZaN0W-rLsvpH8DoHpeD76_ProFnQUUuLL0m57JzEqBpWRW9byrYbbfr4_67aJa272r_WEV0hFp6vjLsLxemVx-lWIkaP11_eFTvuUShkZBRTAG69X9Qz396HuylnNt_0W5ejqRroP3InBPuPokTyGCm19Fibi5OAxXjurOEUJbGoT6XFQa47Q41RDMduDCc_CzzKdjjkrqgiO4633McysyaAthIwX0LtbUWBboD0mLFDtLzdb5wqh-yUU-ZU0wpGQc2JwNJk81ithjmkQ-d8iNC8elJJMS8ueu3JZLgj-XW7jB9ge6EmGEk3VqyaXqBe9ZpcIS9DFa9ZeDSIPDknLJXUAQb8hgh_EURJvNTwLhr_Qyk9-ZHgVpTDRWO9hoUDDfL9b_HoQhRtXYl6YrvbUzYQTCITQhYnZgOnSP5gq_qvgSSPttW6HdQhaqduOj2e9qHMketA77jnjXZHKmCspXx1YgVpQlYe&xkcb=SoCI6_M3H0OdAaTAL50MbzkdCdPP&p=7&fvj=0&vjs=3
Junior Data Scientist,https://www.indeed.com/rc/clk?jk=bbeb33210cca7d6b&bb=OU8z17x-plGK_0FGMpYQnf6rat091BX6tKrG48RY8MYkfmVK-5bFR1oJ9d4xaqFsrx-mdKrMRVYzBroO11idedotvh8HX8f2R9b6lZoeBeA%3D&xkcb=SoCV67M3H0OdAaTAL50DbzkdCdPP&fccid=868297b060b46b2b&vjs=3
Data Scientist,https://www.indeed.com/rc/clk?jk=3ad113c128153738&bb=OU8z17x-plGK_0FGMpYQnQWpSdehEukr08YBZkNIRx1s8Elf63mvjZQsAPURlSamNsPBDZIi_x0LCqf5yI0TkHp3O4pea-3EOsdG0wlWZCM%3D&xkcb=SoAh67M3H0OdAaTAL50CbzkdCdPP&fccid=5db15845914e1098&cmp=GTA-%28Global-Technology-Associates%29&ti=Data+Scientist&vjs=3
Junior Data Scientist,https://www.indeed.com/rc/clk?jk=7cf1c4694a272e80&bb=OU8z17x-plGK_0FGMpYQnU4etyYgp5yZ6j6qBAalbwnYmytNPVa1fBOhGLIWe7Mvl2WTKp0y-71lvp4V6cr20IGuLroK06YS8rvgFQh6hjQ%3D&xkcb=SoC867M3H0OdAaTAL50BbzkdCdPP&fccid=e5f741bf43df9079&vjs=3
Cleared Data Scientist (All Levels),https://www.indeed.com/rc/clk?jk=48588a23011fb067&bb=OU8z17x-plGK_0FGMpYQnfiwvFe4kQh8y5yyhNjJJK3b5VekkOPwXq4zv1kGY7gfG5o3tCEwZGGYg0L-Arsrf21H46cCVp3B7qj9mEDRi5A%3D&xkcb=SoAI67M3H0OdAaTAL50AbzkdCdPP&fccid=05d6cb8b919478a9&vjs=3
Data Engineer / Data Scientist,https://www.indeed.com/rc/clk?jk=fe852f3892712302&bb=OU8z17x-plGK_0FGMpYQnd7YLVWr60nHF8UHiVWnxsao-w7oHR67zsPC63JupaS0NmgeesHMBzvL-wfzorB_TdG4VhFpzO8RiLE4bA7uu-M%3D&xkcb=SoCG67M3H0OdAaTAL50HbzkdCdPP&fccid=dd616958bd9ddc12&vjs=3
Data Scientist,https://www.indeed.com/rc/clk?jk=5918c396ffdb3847&bb=OU8z17x-plGK_0FGMpYQnSeLuvQ8HocxU7B7WMIEG5d_y4i_N55__-a1pdpfASXHp4OK5KzOlUIoowbISKfSP59XfUy6Hq4rg19NiXr9Duw%3D&xkcb=SoAy67M3H0OdAaTAL50GbzkdCdPP&fccid=4e041af1d0af1bc8&vjs=3
Data Scientist,https://www.indeed.com/rc/clk?jk=04b2f773ca5fe542&bb=OU8z17x-plGK_0FGMpYQnWXsQYBskLKnbv9R0On_PPIWUF3lfSN2ikNjddp1WKXSbAtDfPrmdtsFwXQgvw_scLd2uNMCO5Av8T-WyrYGMGI%3D&xkcb=SoCv67M3H0OdAaTAL50FbzkdCdPP&fccid=6f3afb2c19af6e1b&cmp=Cognowiz-solutions-LLC&ti=Data+Scientist&vjs=3
